Split,Model,MAE,RMSE,R2
random,Baseline (Road-Only),0.38352190948781933,0.5604651856403543,0.697681490944772
random,Random Forest (Personalized),0.22131505576784152,0.30714501607520134,0.9092065746891052
random,XGBoost (Personalized),0.2252770046292566,0.3107235774387252,0.9070785726256554
user_split,Baseline (Road-Only),0.36992336395974285,0.5241985713329447,0.6333832388707671
user_split,Random Forest (Personalized),0.2309079492608582,0.31654956238440946,0.8663084109516607
user_split,XGBoost (Personalized),0.2355080473115863,0.3204821881731571,0.8629659653184814
spatial_split,Baseline (Road-Only),0.4201560575470739,0.5908498770624557,0.6608345730401726
spatial_split,Random Forest (Personalized),0.2389852425966718,0.33189023198444667,0.8929846150351832
spatial_split,XGBoost (Personalized),0.2400482498020722,0.3298578457019112,0.8942912558508187
